<?xml version="1.0" encoding="UTF-8" standalone="no"?>
	<featureModel chosenLayoutAlgorithm="4">
		<struct>
			<and mandatory="true" name="Body Confort System [BCS]">
				<and mandatory="true" name="Human Machine Interface [HMI]">
					<or name="Status LED [SLED]">
						<feature mandatory="true" name="LED Alarm System [LEDAS]"/>
						<feature mandatory="true" name="LED Finger Protection [LEDFP]"/>
						<feature mandatory="true" name="LED Central Locking System [LEDCLS]"/>
						<feature mandatory="true" name="LED Power Window [LEDPW]"/>
						<feature mandatory="true" name="LED Exterior Mirror [LEDEM]"/>
						<feature mandatory="true" name="LED Heatable [LEDH]"/>
					</or>
				</and>
				<and mandatory="true" name="Door System [DS]">
					<description>
						
					</description>
					<and mandatory="true" name="Power Window [PW]">
						<feature mandatory="true" name="Finger Protection [FP]"/>
						<alt mandatory="true" name="Window [WIN]">
							<feature mandatory="true" name="Manual [ManPW]"/>
							<feature mandatory="true" name="Automatic [AutPW]"/>
						</alt>
					</and>
					<and mandatory="true" name="Exterior Mirror [EM]">
						<feature mandatory="true" name="Eletric [ELE]"/>
						<feature name="Heatable [HEAT]"/>
					</and>
				</and>
				<and name="Security [SEC]">
					<and name="Alarm System [AS]">
						<feature name="Interior Monitoring [IM]"/>
					</and>
					<and name="Central Locking System [CLS]">
						<feature name="Automatic Locking [AL]"/>
					</and>
					<and name="Remote Control Key [RCK]">
						<feature name="Control Alarm System [CAS]"/>
						<feature name="Safety Function [SF]"/>
						<feature name="Control Automatic Power Window [CAP]"/>
						<feature name="Adjust Exterior Mirror [AEM]"/>
					</and>
				</and>
			</and>
		</struct>
		<constraints>
			<rule>
				<imp>
					<var>LED Alarm System [LEDAS]</var>
					<var>Alarm System [AS]</var>
				</imp>
			</rule>
			<rule>
				<imp>
					<var>LED Central Locking System [LEDCLS]</var>
					<var>Central Locking System [CLS]</var>
				</imp>
			</rule>
			<rule>
				<imp>
					<var>LED Heatable [LEDH]</var>
					<var>Heatable [HEAT]</var>
				</imp>
			</rule>
			<rule>
				<imp>
					<var>Control Alarm System [CAS]</var>
					<var>Alarm System [AS]</var>
				</imp>
			</rule>
			<rule>
				<imp>
					<var>Remote Control Key [RCK]</var>
					<var>Central Locking System [CLS]</var>
				</imp>
			</rule>
			<rule>
				<not>
					<conj>
						<var>Control Automatic Power Window [CAP]</var>
						<var>Manual [ManPW]</var>
					</conj>
				</not>
			</rule>
		</constraints>
		<calculations Auto="true" Constraints="true" Features="true" Redundant="true" Tautology="true"/>
		<comments/>
		<featureOrder userDefined="false"/>
	</featureModel>
