<?xml version="1.0" encoding="UTF-8" standalone="no"?>
	<featureModel chosenLayoutAlgorithm="4">
		<struct>
			<and mandatory="true" name="Root [f0]">
				<and name="Optional [f21]">
					<or name="Optional [f2]">
						<feature name="Optional [f4]">
							<or name="Optional [f19]">
								<and name="Optional [f11]">
									<feature name="Optional [f12]">
										<feature name="Optional [f1]"/>
									</feature>
									<feature name="Optional [f15]"/>
								</and>
								<feature name="Optional [f22]"/>
								<feature name="Optional [f17]"/>
							</or>
						</feature>
						<feature name="Optional [f18]"/>
						<feature name="Optional [f9]"/>
					</or>
					<feature name="Optional [f7]"/>
					<feature name="Optional [f6]"/>
					<feature name="Optional [f24]"/>
					<feature name="Optional [f10]"/>
				</and>
				<feature name="Optional [f20]"/>
				<feature name="Optional [f8]"/>
				<feature name="Optional [f13]"/>
				<feature name="Optional [f25]"/>
				<feature name="Optional [f14]"/>
				<feature name="Optional [f23]"/>
				<feature name="Optional [f16]"/>
				<feature name="Optional [f5]"/>
				<feature name="Optional [f3]"/>
			</and>
		</struct>
		<constraints/>
		<calculations Auto="true" Constraints="true" Features="true" Redundant="true" Tautology="true"/>
		<comments/>
		<featureOrder userDefined="false"/>
	</featureModel>
