<?xml version="1.0" encoding="UTF-8" standalone="no"?>
	<featureModel chosenLayoutAlgorithm="4">
		<struct>
			<and mandatory="true" name="Body Confort System [BCS]">
				<or mandatory="true" name="Security [SEC]">
					<and mandatory="true" name="Central Locking System [CLS]">
						<feature name="Automatic Locking [AL]"/>
					</and>
					<and mandatory="true" name="Alarm System [AS]">
						<feature name="Interior Monitoring [IM]"/>
					</and>
				</or>
			</and>
		</struct>
		<constraints/>
		<calculations Auto="true" Constraints="true" Features="true" Redundant="true" Tautology="true"/>
		<comments/>
		<featureOrder userDefined="false"/>
	</featureModel>
