"","SUL","Reuse","Method","EqO","MQs","EQs","PrefIni","SuffIni","PrefEnd","SuffEnd"
"29","cli_098j","cli_098l","WpMethodHypEQOracle","DL*M",776,0,12,8,12,4
"30","cli_098j","cli_098l","WpMethodHypEQOracle","DL*M+",776,0,12,8,12,4
"33","cli_098j","cli_098m","WpMethodHypEQOracle","DL*M",776,0,12,8,12,4
"34","cli_098j","cli_098m","WpMethodHypEQOracle","DL*M+",776,0,12,8,12,4
"37","cli_098j","cli_098za","WpMethodHypEQOracle","DL*M",616,0,7,8,7,4
"38","cli_098j","cli_098za","WpMethodHypEQOracle","DL*M+",776,0,7,8,12,4
"41","cli_098j","cli_100m","WpMethodHypEQOracle","DL*M",616,0,7,8,7,4
"42","cli_098j","cli_100m","WpMethodHypEQOracle","DL*M+",776,0,7,8,12,4
"45","cli_098j","cli_101","WpMethodHypEQOracle","DL*M",776,0,12,8,12,4
"46","cli_098j","cli_101","WpMethodHypEQOracle","DL*M+",776,0,12,8,12,4
"49","cli_098j","cli_101h","WpMethodHypEQOracle","DL*M",616,0,7,8,7,4
"50","cli_098j","cli_101h","WpMethodHypEQOracle","DL*M+",776,0,7,8,12,4
"53","cli_098j","cli_102","WpMethodHypEQOracle","DL*M",616,0,7,8,7,4
"54","cli_098j","cli_102","WpMethodHypEQOracle","DL*M+",776,0,7,8,12,4
"57","cli_098j","cli_110-pre1","WpMethodHypEQOracle","DL*M",616,0,7,8,7,4
"59","cli_098j","cli_110-pre1","WpMethodHypEQOracle","DL*M+",776,0,7,8,12,4
"61","cli_098l","cli_098j","WpMethodHypEQOracle","DL*M",776,0,12,8,12,5
"62","cli_098l","cli_098j","WpMethodHypEQOracle","DL*M+",776,0,12,8,12,5
"65","cli_098l","cli_098m","WpMethodHypEQOracle","DL*M",776,0,12,8,12,5
"66","cli_098l","cli_098m","WpMethodHypEQOracle","DL*M+",776,0,12,8,12,5
"69","cli_098l","cli_098za","WpMethodHypEQOracle","DL*M",707,6,7,8,7,4
"70","cli_098l","cli_098za","WpMethodHypEQOracle","DL*M+",776,0,7,8,12,5
"73","cli_098l","cli_100m","WpMethodHypEQOracle","DL*M",707,6,7,8,7,4
"74","cli_098l","cli_100m","WpMethodHypEQOracle","DL*M+",776,0,7,8,12,5
"77","cli_098l","cli_101","WpMethodHypEQOracle","DL*M",776,0,12,8,12,5
"78","cli_098l","cli_101","WpMethodHypEQOracle","DL*M+",776,0,12,8,12,5
"81","cli_098l","cli_101h","WpMethodHypEQOracle","DL*M",707,6,7,8,7,4
"82","cli_098l","cli_101h","WpMethodHypEQOracle","DL*M+",776,0,7,8,12,5
"85","cli_098l","cli_102","WpMethodHypEQOracle","DL*M",707,6,7,8,7,4
"86","cli_098l","cli_102","WpMethodHypEQOracle","DL*M+",776,0,7,8,12,5
"89","cli_098l","cli_110-pre1","WpMethodHypEQOracle","DL*M",707,6,7,8,7,4
"90","cli_098l","cli_110-pre1","WpMethodHypEQOracle","DL*M+",776,0,7,8,12,5
"93","cli_098m","cli_098j","WpMethodHypEQOracle","DL*M",776,0,12,8,12,4
"94","cli_098m","cli_098j","WpMethodHypEQOracle","DL*M+",776,0,12,8,12,4
"97","cli_098m","cli_098l","WpMethodHypEQOracle","DL*M",776,0,12,8,12,4
"98","cli_098m","cli_098l","WpMethodHypEQOracle","DL*M+",776,0,12,8,12,4
"101","cli_098m","cli_098za","WpMethodHypEQOracle","DL*M",616,0,7,8,7,4
"102","cli_098m","cli_098za","WpMethodHypEQOracle","DL*M+",776,0,7,8,12,4
"105","cli_098m","cli_100m","WpMethodHypEQOracle","DL*M",616,0,7,8,7,4
"106","cli_098m","cli_100m","WpMethodHypEQOracle","DL*M+",776,0,7,8,12,4
"109","cli_098m","cli_101","WpMethodHypEQOracle","DL*M",776,0,12,8,12,4
"110","cli_098m","cli_101","WpMethodHypEQOracle","DL*M+",776,0,12,8,12,4
"113","cli_098m","cli_101h","WpMethodHypEQOracle","DL*M",616,0,7,8,7,4
"114","cli_098m","cli_101h","WpMethodHypEQOracle","DL*M+",776,0,7,8,12,4
"117","cli_098m","cli_102","WpMethodHypEQOracle","DL*M",616,0,7,8,7,4
"118","cli_098m","cli_102","WpMethodHypEQOracle","DL*M+",776,0,7,8,12,4
"121","cli_098m","cli_110-pre1","WpMethodHypEQOracle","DL*M",616,0,7,8,7,4
"122","cli_098m","cli_110-pre1","WpMethodHypEQOracle","DL*M+",776,0,7,8,12,4
"125","cli_098za","cli_098j","WpMethodHypEQOracle","DL*M",776,0,12,8,7,4
"126","cli_098za","cli_098j","WpMethodHypEQOracle","DL*M+",776,0,12,8,7,4
"129","cli_098za","cli_098l","WpMethodHypEQOracle","DL*M",776,0,12,8,7,4
"130","cli_098za","cli_098l","WpMethodHypEQOracle","DL*M+",776,0,12,8,7,4
"133","cli_098za","cli_098m","WpMethodHypEQOracle","DL*M",776,0,12,8,7,4
"134","cli_098za","cli_098m","WpMethodHypEQOracle","DL*M+",776,0,12,8,7,4
"137","cli_098za","cli_100m","WpMethodHypEQOracle","DL*M",456,0,7,8,7,4
"138","cli_098za","cli_100m","WpMethodHypEQOracle","DL*M+",456,0,7,8,7,4
"141","cli_098za","cli_101","WpMethodHypEQOracle","DL*M",776,0,12,8,7,4
"142","cli_098za","cli_101","WpMethodHypEQOracle","DL*M+",776,0,12,8,7,4
"145","cli_098za","cli_101h","WpMethodHypEQOracle","DL*M",456,0,7,8,7,4
"146","cli_098za","cli_101h","WpMethodHypEQOracle","DL*M+",456,0,7,8,7,4
"149","cli_098za","cli_102","WpMethodHypEQOracle","DL*M",456,0,7,8,7,4
"150","cli_098za","cli_102","WpMethodHypEQOracle","DL*M+",456,0,7,8,7,4
"153","cli_098za","cli_110-pre1","WpMethodHypEQOracle","DL*M",456,0,7,8,7,4
"154","cli_098za","cli_110-pre1","WpMethodHypEQOracle","DL*M+",456,0,7,8,7,4
"157","cli_100m","cli_098j","WpMethodHypEQOracle","DL*M",776,0,12,8,7,4
"158","cli_100m","cli_098j","WpMethodHypEQOracle","DL*M+",776,0,12,8,7,4
"161","cli_100m","cli_098l","WpMethodHypEQOracle","DL*M",776,0,12,8,7,4
"162","cli_100m","cli_098l","WpMethodHypEQOracle","DL*M+",776,0,12,8,7,4
"165","cli_100m","cli_098m","WpMethodHypEQOracle","DL*M",776,0,12,8,7,4
"166","cli_100m","cli_098m","WpMethodHypEQOracle","DL*M+",776,0,12,8,7,4
"168","cli_100m","cli_098za","WpMethodHypEQOracle","DL*M",456,0,7,8,7,4
"170","cli_100m","cli_098za","WpMethodHypEQOracle","DL*M+",456,0,7,8,7,4
"173","cli_100m","cli_101","WpMethodHypEQOracle","DL*M",776,0,12,8,7,4
"174","cli_100m","cli_101","WpMethodHypEQOracle","DL*M+",776,0,12,8,7,4
"177","cli_100m","cli_101h","WpMethodHypEQOracle","DL*M+",456,0,7,8,7,4
"178","cli_100m","cli_101h","WpMethodHypEQOracle","DL*M",456,0,7,8,7,4
"181","cli_100m","cli_102","WpMethodHypEQOracle","DL*M",456,0,7,8,7,4
"182","cli_100m","cli_102","WpMethodHypEQOracle","DL*M+",456,0,7,8,7,4
"185","cli_100m","cli_110-pre1","WpMethodHypEQOracle","DL*M",456,0,7,8,7,4
"186","cli_100m","cli_110-pre1","WpMethodHypEQOracle","DL*M+",456,0,7,8,7,4
"189","cli_101","cli_098j","WpMethodHypEQOracle","DL*M",776,0,12,8,12,4
"190","cli_101","cli_098j","WpMethodHypEQOracle","DL*M+",776,0,12,8,12,4
"193","cli_101","cli_098l","WpMethodHypEQOracle","DL*M",776,0,12,8,12,4
"194","cli_101","cli_098l","WpMethodHypEQOracle","DL*M+",776,0,12,8,12,4
"197","cli_101","cli_098m","WpMethodHypEQOracle","DL*M",776,0,12,8,12,4
"198","cli_101","cli_098m","WpMethodHypEQOracle","DL*M+",776,0,12,8,12,4
"201","cli_101","cli_098za","WpMethodHypEQOracle","DL*M",615,128,7,8,7,3
"202","cli_101","cli_098za","WpMethodHypEQOracle","DL*M+",776,0,7,8,12,4
"205","cli_101","cli_100m","WpMethodHypEQOracle","DL*M",615,128,7,8,7,3
"206","cli_101","cli_100m","WpMethodHypEQOracle","DL*M+",776,0,7,8,12,4
"209","cli_101","cli_101h","WpMethodHypEQOracle","DL*M",615,128,7,8,7,3
"212","cli_101","cli_101h","WpMethodHypEQOracle","DL*M+",776,0,7,8,12,4
"213","cli_101","cli_102","WpMethodHypEQOracle","DL*M",615,128,7,8,7,3
"214","cli_101","cli_102","WpMethodHypEQOracle","DL*M+",776,0,7,8,12,4
"217","cli_101","cli_110-pre1","WpMethodHypEQOracle","DL*M",615,128,7,8,7,3
"218","cli_101","cli_110-pre1","WpMethodHypEQOracle","DL*M+",776,0,7,8,12,4
"221","cli_101h","cli_098j","WpMethodHypEQOracle","DL*M",776,0,12,8,7,4
"222","cli_101h","cli_098j","WpMethodHypEQOracle","DL*M+",776,0,12,8,7,4
"225","cli_101h","cli_098l","WpMethodHypEQOracle","DL*M",776,0,12,8,7,4
"226","cli_101h","cli_098l","WpMethodHypEQOracle","DL*M+",776,0,12,8,7,4
"229","cli_101h","cli_098m","WpMethodHypEQOracle","DL*M",776,0,12,8,7,4
"230","cli_101h","cli_098m","WpMethodHypEQOracle","DL*M+",776,0,12,8,7,4
"233","cli_101h","cli_098za","WpMethodHypEQOracle","DL*M",456,0,7,8,7,4
"234","cli_101h","cli_098za","WpMethodHypEQOracle","DL*M+",456,0,7,8,7,4
"237","cli_101h","cli_100m","WpMethodHypEQOracle","DL*M",456,0,7,8,7,4
"238","cli_101h","cli_100m","WpMethodHypEQOracle","DL*M+",456,0,7,8,7,4
"241","cli_101h","cli_101","WpMethodHypEQOracle","DL*M",776,0,12,8,7,4
"242","cli_101h","cli_101","WpMethodHypEQOracle","DL*M+",776,0,12,8,7,4
"245","cli_101h","cli_102","WpMethodHypEQOracle","DL*M",456,0,7,8,7,4
"246","cli_101h","cli_102","WpMethodHypEQOracle","DL*M+",456,0,7,8,7,4
"249","cli_101h","cli_110-pre1","WpMethodHypEQOracle","DL*M",456,0,7,8,7,4
"250","cli_101h","cli_110-pre1","WpMethodHypEQOracle","DL*M+",456,0,7,8,7,4
"253","cli_102","cli_098j","WpMethodHypEQOracle","DL*M",776,0,12,8,7,4
"254","cli_102","cli_098j","WpMethodHypEQOracle","DL*M+",776,0,12,8,7,4
"257","cli_102","cli_098l","WpMethodHypEQOracle","DL*M",776,0,12,8,7,4
"258","cli_102","cli_098l","WpMethodHypEQOracle","DL*M+",776,0,12,8,7,4
"261","cli_102","cli_098m","WpMethodHypEQOracle","DL*M",776,0,12,8,7,4
"262","cli_102","cli_098m","WpMethodHypEQOracle","DL*M+",776,0,12,8,7,4
"265","cli_102","cli_098za","WpMethodHypEQOracle","DL*M",456,0,7,8,7,4
"266","cli_102","cli_098za","WpMethodHypEQOracle","DL*M+",456,0,7,8,7,4
"269","cli_102","cli_100m","WpMethodHypEQOracle","DL*M+",456,0,7,8,7,4
"270","cli_102","cli_100m","WpMethodHypEQOracle","DL*M",456,0,7,8,7,4
"273","cli_102","cli_101","WpMethodHypEQOracle","DL*M",776,0,12,8,7,4
"274","cli_102","cli_101","WpMethodHypEQOracle","DL*M+",776,0,12,8,7,4
"277","cli_102","cli_101h","WpMethodHypEQOracle","DL*M",456,0,7,8,7,4
"278","cli_102","cli_101h","WpMethodHypEQOracle","DL*M+",456,0,7,8,7,4
"281","cli_102","cli_110-pre1","WpMethodHypEQOracle","DL*M",456,0,7,8,7,4
"282","cli_102","cli_110-pre1","WpMethodHypEQOracle","DL*M+",456,0,7,8,7,4
"285","cli_110-pre1","cli_098j","WpMethodHypEQOracle","DL*M",776,0,12,8,7,4
"286","cli_110-pre1","cli_098j","WpMethodHypEQOracle","DL*M+",776,0,12,8,7,4
"289","cli_110-pre1","cli_098l","WpMethodHypEQOracle","DL*M",776,0,12,8,7,4
"290","cli_110-pre1","cli_098l","WpMethodHypEQOracle","DL*M+",776,0,12,8,7,4
"293","cli_110-pre1","cli_098m","WpMethodHypEQOracle","DL*M",776,0,12,8,7,4
"294","cli_110-pre1","cli_098m","WpMethodHypEQOracle","DL*M+",776,0,12,8,7,4
"297","cli_110-pre1","cli_098za","WpMethodHypEQOracle","DL*M",456,0,7,8,7,4
"298","cli_110-pre1","cli_098za","WpMethodHypEQOracle","DL*M+",456,0,7,8,7,4
"301","cli_110-pre1","cli_100m","WpMethodHypEQOracle","DL*M",456,0,7,8,7,4
"302","cli_110-pre1","cli_100m","WpMethodHypEQOracle","DL*M+",456,0,7,8,7,4
"305","cli_110-pre1","cli_101","WpMethodHypEQOracle","DL*M",776,0,12,8,7,4
"306","cli_110-pre1","cli_101","WpMethodHypEQOracle","DL*M+",776,0,12,8,7,4
"309","cli_110-pre1","cli_101h","WpMethodHypEQOracle","DL*M",456,0,7,8,7,4
"310","cli_110-pre1","cli_101h","WpMethodHypEQOracle","DL*M+",456,0,7,8,7,4
"313","cli_110-pre1","cli_102","WpMethodHypEQOracle","DL*M",456,0,7,8,7,4
"314","cli_110-pre1","cli_102","WpMethodHypEQOracle","DL*M+",456,0,7,8,7,4
