<?xml version="1.0" encoding="UTF-8" standalone="no"?>
	<featureModel chosenLayoutAlgorithm="4">
		<struct>
			<and mandatory="true" name="f0">
				<feature name="f1"/>
				<feature name="f2"/>
				<feature name="f3"/>
				<feature name="f4"/>
				<feature name="f5"/>
				<feature name="f6"/>
				<feature name="f7"/>
				<feature name="f8">
					<feature name="f9">
						<feature name="f10">
							<feature name="f11">
								<feature name="f12">
									<feature name="f13">
										<feature name="f14">
											<feature name="f15"/>
											</feature>
										</feature>
									</feature>
								</feature>
							</feature>
						</feature>
					</feature>
			</and>
		</struct>
		<constraints/>
		<calculations Auto="true" Constraints="true" Features="true" Redundant="true" Tautology="true"/>
		<comments/>
		<featureOrder userDefined="false"/>
	</featureModel>
