<?xml version="1.0" encoding="UTF-8" standalone="no"?>
	<featureModel chosenLayoutAlgorithm="4">
		<struct>
			<and mandatory="true" name="Root [f0]">
				<feature name="Optional [f1]"/>
				<feature name="Optional [f2]"/>
				<feature name="Optional [f3]"/>
				<feature name="Optional [f4]"/>
				<feature name="Optional [f5]"/>
				<feature name="Optional [f6]"/>
			</and>
		</struct>
		<constraints/>
		<calculations Auto="true" Constraints="true" Features="true" Redundant="true" Tautology="true"/>
		<comments/>
		<featureOrder userDefined="false"/>
	</featureModel>
