<?xml version="1.0" encoding="UTF-8" standalone="no"?>
	<featureModel>
		<properties/>
		<struct>
			<and mandatory="true" name="AGM">
				<description>
					
				</description>
				<and mandatory="true" name="A">
					<description>
						
					</description>
					<feature mandatory="true" name="M">
						<description>
							
						</description>
					</feature>
					<feature mandatory="true" name="L">
						<description>
							
						</description>
					</feature>
				</and>
				<feature mandatory="true" name="C">
					<description>
						
					</description>
				</feature>
				<alt mandatory="true" name="R">
					<description>
						
					</description>
					<feature mandatory="true" name="B">
						<description>
							
						</description>
					</feature>
					<feature mandatory="true" name="N">
						<description>
							
						</description>
					</feature>
					<feature mandatory="true" name="W">
						<description>
							
						</description>
					</feature>
				</alt>
				<and mandatory="true" name="V">
					<description>
						
					</description>
					<feature mandatory="true" name="Y">
						<description>
							
						</description>
					</feature>
					<feature mandatory="true" name="P">
						<description>
							
						</description>
					</feature>
					<feature name="S">
						<description>
							
						</description>
					</feature>
				</and>
			</and>
		</struct>
		<constraints/>
		<calculations Auto="true" Constraints="true" Features="true" Redundant="true" Tautology="true"/>
		<comments/>
		<featureOrder userDefined="false"/>
	</featureModel>
